,content_vector,rating_stdev,dataset,item_coverage,serendipity,rating_max,rating_mean,user_coverage,pred_n,ratings,avg_mean_rank,density,pred_coverage,novelty,cat_diversity,rating_min,CF_CB,avg_highest_rank,rating_variance,alg_type,users,N,mae,avg_lowest_rank,user_vector,content_serendipity,rmse,cat_coverage,ils,items,rmse_adj,mae_adj
0,genre,0.4885021850243223,movielens_1m,100.0,0.12797021065746111,4.0,4.393390360536854,100.0,0.004157152801949182,575281,395.4624542663678,0.026967661270112384,41.641061452513966,-1.5686793430324155,0.1526312756781094,5.0,CB,193.83513673027736,0.23863438477353724,cb_vect,6038,1000,0.5336773650626043,627.576627975605,pos_ratings,0.2539694878338052,0.5798607708943431,28.30455703368242,0.34508731040764296,3533,4.064951737865545,4.845019760027366
1,genre,0.4885021850243226,movielens_1m,84.96008241050734,0.04709073185500832,5.0,4.393390360536845,100.0,0.005376435781413157,575281,432.5277584253711,0.026967661270112384,53.93331005586592,-0.30370258131215044,0.14892439274414246,4.0,CF,203.71052631578945,0.2386343847735375,cf_user,6038,1000,0.4427976029096797,695.2648617947748,pos_ratings,0.4486490422999672,0.4746361421538594,28.30455703368242,0.7410839625040291,3533,1.4983633701770493,2.7652229377295434
6,tags,0.4885021850243222,movielens_1m,99.97424671645635,0.08771330247426717,4.0,4.393390360536851,100.0,0.0067674904281239115,575281,296.6634095916969,0.026967661270112384,67.87534916201118,-1.179848937836136,0.20593502950327772,5.0,CB,95.2646526772793,0.23863438477353716,cb_vect,6038,1000,0.4748329633926082,594.3775325615052,pos_ratings,0.6782515998435079,0.4882138625432056,28.30455703368242,0.7683831527119995,3533,1.8295445739327763,3.498356908980984
8,genre,0.4885021850243226,movielens_1m,90.6000515065671,0.3503440792474129,5.0,4.393390360536845,100.0,0.0003637312913331013,575281,715.3964386235872,0.026967661270112384,3.6504888268156432,-2.0145472575523593,0.1376681346066721,4.0,CF,658.1006944444445,0.2386343847735375,cf_item,6038,1000,0.4409900061158765,768.6944444444445,pos_ratings,0.4645666034226626,0.4710523087295162,28.30455703368242,0.7741122030522316,3533,1.4109482346830753,2.7238558172762404
18,tags,0.4885021850243221,movielens_1m,84.39351017254701,0.09288393713532599,4.0,4.393390360536853,100.0,0.02069439610163592,575281,41.784496575084425,0.026967661270112384,20.76117318435755,-0.6779154715850573,0.4009425901356193,5.0,CB,25.181140861466822,0.238634384773537,cb_vect,6038,100,0.492476857022495,59.623282887078,pos_ratings,0.6271767207073534,0.4957938889314208,2.8304557033682416,0.6761944079734802,3533,2.0144329198232285,3.902140028952743
20,genre,0.4885021850243226,movielens_1m,79.13984032964203,0.09311559910844217,5.0,4.393390360536847,100.0,0.002064044552732336,575281,63.059917558754776,0.026967661270112384,2.0827513966480447,-0.5321992818694941,0.13308862055466894,4.0,CF,59.375415282392034,0.2386343847735375,cf_mllib,6038,100,0.3656636064501084,66.63565891472868,pos_ratings,0.4478779013910562,0.5133507557784198,2.8304557033682416,0.7176963327815208,3533,2.442671543821593,1.0
22,genre,0.4885021850243222,movielens_1m,99.89698686582537,0.24238435590004814,4.0,4.393390360536847,100.0,0.007441698572920292,575281,48.657701081997146,0.026967661270112384,7.45286312849162,-1.4074638056564848,0.20397338616950572,5.0,CB,40.03206883066093,0.2386343847735371,cb_vect,6038,100,0.5404494531801134,57.442315213140404,pos_ratings,0.2337054927930822,0.6181957479698232,2.8304557033682416,0.1579167323829143,3533,5.0,5.0
23,genre,0.4885021850243222,movielens_1m,28.560391449909858,0.24748427047119445,4.0,4.393390360536847,100.0,0.004963452836756004,575281,40.777526936890695,0.026967661270112384,4.979050279329608,-1.223088333092561,0.22220833403849166,5.0,CB,34.96049256028733,0.2386343847735371,cb_kmeans_100,6038,100,0.5319842215988779,46.68394048229861,pos_ratings,0.3431587034158701,0.5769473297002481,2.80215114633456,0.5144812293020071,3533,3.9938884861514357,4.806271920991135
28,tags,0.4885021850243222,movielens_1m,98.78959567344835,0.1064371585783521,4.0,4.393390360536851,100.0,0.00507796728158719,575281,239.43308382586238,0.026967661270112384,50.93924581005586,-1.2788094221291089,0.1770659734026691,5.0,CB,84.88775510204081,0.23863438477353716,cb_kmeans_1000,6038,1000,0.4641579957502228,476.20219198790636,pos_ratings,0.7056150079398392,0.4818215954397077,28.30455703368242,0.8302408540732621,3533,1.6736274793573367,3.2540586928016104
34,genre,0.4885021850243226,movielens_1m,26.757661601854238,0.018797373329524542,5.0,4.393390360536847,100.0,0.00555168813087365,575281,74.03626136194306,0.026967661270112384,5.563896648044693,-0.0487776233146912,0.1357271643058637,4.0,CB,70.89181940098347,0.2386343847735375,cf_user,6038,100,0.3998096375857629,77.24407688869022,pos_ratings,0.4595360213076761,0.4542043108306447,2.8304557033682416,0.7479386857816177,3533,1.0,1.7814369818718898
37,genre,0.4885021850243226,movielens_1m,90.6000515065671,0.07906771081474834,5.0,4.393390360536845,100.0,0.004777236338322311,575281,546.4529345986043,0.026967661270112384,47.92074022346369,-0.7168806817701309,0.1508971130304705,4.0,CF,325.3848783430525,0.2386343847735375,cf_mllib,6038,1000,0.4335358794377139,773.8803539111201,pos_ratings,0.4477895353251214,0.4817924635929036,28.30455703368242,0.7548926312926865,3533,1.672916909407776,2.553267023787093
39,genre,0.4885021850243227,movielens_1m,76.28122585629667,0.13912007376624036,4.0,4.3933903605368485,100.0,0.0038320570831883046,575281,373.12202894914805,0.026967661270112384,38.47590782122905,-1.5304392710739323,0.18876089155325573,5.0,CB,189.33987582615663,0.2386343847735376,cb_kmeans_1000,6038,1000,0.5186564272426153,580.6130582815942,pos_ratings,0.3557965186246936,0.5589854096545916,28.30455703368242,0.6234210271628249,3533,3.5557699999913988,4.50126337240195
40,genre,0.4885021850243226,movielens_1m,77.74916301828483,0.3570781426953567,5.0,4.393390360536847,100.0,6.265227984684998e-05,575281,74.43103448275863,0.026967661270112384,0.061103351955307264,-2.907800407133008,0.12637663413711614,4.0,CB,72.3103448275862,0.2386343847735375,cf_item,6038,100,0.5075917956665497,76.3103448275862,pos_ratings,0.4844555445894303,0.5397614228775702,2.8304557033682416,0.7676968551821144,3533,3.0868677911350635,4.248047639364769
41,tags,0.4885021850243221,movielens_1m,67.80839557043524,0.2016089781896256,4.0,4.393390360536853,100.0,0.009192481726418376,575281,34.8061981915084,0.026967661270112384,9.221368715083797,-1.1006150779847663,0.21938885104270997,5.0,CB,26.21400132714001,0.238634384773537,cb_kmeans_100,6038,100,0.4677767907131785,43.831785003317854,pos_ratings,0.6709437905358103,0.4834582283825327,2.80215114633456,0.7533477322171409,3533,1.7135474403352018,3.336875351716693
2,genre,0.7400004031774824,movielens_1m,100.0,0.12751485285752473,-1.0,0.6726064252571212,100.0,0.006613987895090787,1000209,400.9482442651522,0.04468362562231285,39.24082227613543,-1.4416535569485864,0.15639396520407345,1.0,CB,155.62393950571746,0.5476005967028366,cb_vect,6040,1000,0.7096890692552833,691.7866101069716,ratings_to_interact,0.21157844865367825,0.7919025714209332,26.983270372369127,0.3612829779069312,3706,3.3324364632869488,3.523658091235666
5,genre,0.7400004031774826,movielens_1m,29.951068761267067,0.27434089375365983,-1.0,0.6726064252571214,100.0,0.008350706119704102,1000209,43.63283526756935,0.04468362562231285,4.959015984265333,-1.398865614433224,0.23371195719838386,1.0,CB,34.74929078014184,0.5476005967028369,cb_kmeans_100,6040,100,0.7271464280886712,52.67517730496454,ratings_to_interact,0.2956600994840464,0.8206261165603544,2.698327037236913,0.5148504981733537,3706,3.4670302582233083,3.589502186232667
7,genre,0.7400004031774822,movielens_1m,95.18413597733714,0.057604608970414625,1.0,0.6726064252571209,100.0,0.007070780094149294,1000209,536.8766012238073,0.04468362562231285,42.003374566947215,-0.3837299299358867,0.14803171474230511,-1.0,CF,272.1235262107745,0.5476005967028362,cf_user,6040,1000,0.2371648416709006,803.9457645565027,ratings_to_interact,0.378009890393154,0.4745189934545272,26.983270372369127,0.7371847491732705,3706,1.8452293653597813,1.7414337337947288
9,genre,0.7400004031774822,movielens_1m,95.15838269379348,0.1040211072205679,1.0,0.6726064252571209,100.0,0.007070948217888366,1000209,552.8028340163785,0.04468362562231285,41.98740028554028,-0.8473984674463262,0.15113603549518784,-1.0,CF,270.8559306401033,0.5476005967028362,cf_mllib,6040,1000,0.18785316825874332,808.2466334624607,ratings_to_interact,0.3693388942744613,0.4645474149497707,26.983270372369127,0.7488187288036867,3706,1.7985041931727643,1.5554444017543414
10,genre,0.7400004031774826,movielens_1m,99.97424671645635,0.21824552371410466,-1.0,0.6726064252571214,100.0,0.011704774714189644,1000209,46.73657716339334,0.04468362562231285,6.9997304340012585,-1.3674333225031192,0.2108674302827916,1.0,CB,34.142502328469426,0.5476005967028369,cb_vect,6040,100,0.5525801243631651,59.45638000620925,ratings_to_interact,0.19887863288289684,0.6841272856891557,2.698327037236913,0.1758204626425474,3706,2.8274192505236795,2.9310887116929494
11,genre,0.7400004031774822,movielens_1m,94.28277105330929,0.23864866801656295,1.0,0.6726064252571217,100.0,0.0047394082044384675,1000209,51.0852795805593,0.04468362562231285,2.835434949730933,-1.0439763888064784,0.14401614782043656,-1.0,CB,44.3189887036041,0.5476005967028362,cf_mllib,6040,100,0.10031864334297803,57.745562130177525,ratings_to_interact,0.368426510157676,0.4241463620473704,2.698327037236913,0.7421391541086811,3706,1.6091915229168998,1.2252895582251
12,genre,0.7400004031774822,movielens_1m,94.87509657481328,0.2862853006477916,1.0,0.6726064252571217,100.0,0.0029505716207128448,1000209,65.88524321980451,0.04468362562231285,1.7511805992352314,-0.8662679335916602,0.14535236290640302,-1.0,CF,60.85927152317882,0.5476005967028362,cf_item,6040,100,0.19178184982821428,70.80711920529801,ratings_to_interact,0.3635374066868337,0.3863067362578711,2.698327037236913,0.7259241937111335,3706,1.431881277636951,1.5702622493418283
13,tags,0.7400004031774822,movielens_1m,75.61164048416173,0.10732453700699038,-1.0,0.6726064252571211,100.0,0.026387020847343644,1000209,42.85998766969546,0.04468362562231285,15.676760415730671,-0.5644262942558947,0.4592555473258178,1.0,CB,23.55242436800663,0.5476005967028362,cb_vect,6040,100,0.8319783514681753,63.59697472026522,ratings_to_interact,0.6087746918283742,0.8469009302485576,2.698327037236913,0.7041290145586916,3706,3.590149701466669,3.9848978006320785
15,genre,0.7400004031774822,movielens_1m,95.18413597733714,0.09395765668830844,1.0,0.6726064252571209,100.0,0.009729152656355078,1000209,568.5212555807473,0.04468362562231285,57.77398388594364,-0.6507283301349785,0.1648224723834408,-1.0,CF,296.69642857142856,0.5476005967028362,cf_item,6040,1000,0.2956518576222299,839.4352453102454,ratings_to_interact,0.3680845286218199,0.4982579398216222,26.983270372369127,0.7567786532558695,3706,1.9564661525958018,1.962029797102152
16,tags,0.7400004031774824,movielens_1m,100.0,0.09490418649345904,-1.0,0.6726064252571214,100.0,0.010374411566913249,1000209,313.7990877376025,0.04468362562231285,61.594832319964844,-1.0314588477221656,0.22816675653606885,1.0,CB,70.04905335628227,0.5476005967028365,cb_vect,6040,1000,1.0165326913750885,667.5091222030982,ratings_to_interact,0.6458654697080818,1.0377242676658889,26.983270372369127,0.7952884067859,3706,4.484316386698394,4.680983251181377
19,tags,0.7400004031774824,movielens_1m,98.35178985320627,0.11471292648799225,-1.0,0.6726064252571214,100.0,0.008203934095494284,1000209,272.6462745045485,0.04468362562231285,48.718563113387454,-1.1708772878532858,0.18885933715093406,1.0,CB,71.26231244483672,0.5476005967028365,cb_kmeans_1000,6040,1000,1.1011141539685243,572.1306266548985,ratings_to_interact,0.6719890425673805,1.1477758606931323,26.71343766864544,0.8465167360502326,3706,5.0,5.0
30,tags,0.7400004031774822,movielens_1m,62.96677826422869,0.1784469063590175,-1.0,0.6726064252571211,100.0,0.013586079354404841,1000209,35.23569694343248,0.04468362562231285,8.068010503090026,-0.9295553692521176,0.2525966187356485,1.0,CB,23.413811563169165,0.5476005967028362,cb_kmeans_100,6040,100,1.0606317670091083,48.012044967880094,ratings_to_interact,0.6351026554879673,1.1003469628865796,2.6713437668645437,0.7498290491325877,3706,4.777756007677771,4.847312176022686
31,genre,0.7400004031774822,movielens_1m,72.36672675766161,0.11116354069573008,1.0,0.6726064252571217,100.0,0.003011096166778749,1000209,50.807002676181966,0.04468362562231285,1.802098621219836,-0.6001854863478161,0.13270651319301485,-1.0,CF,42.73238180196253,0.5476005967028362,cf_user,6040,100,0.040587232963199237,58.59143621766279,ratings_to_interact,0.37126011417149024,0.29413932706236234,2.698327037236913,0.7056523692625241,3706,1.0,1.0
36,genre,0.7400004031774824,movielens_1m,70.82152974504248,0.14020015570168118,-1.0,0.6726064252571212,100.0,0.00621318090114324,1000209,379.29267045127983,0.04468362562231285,36.896596479667735,-1.3978226091571093,0.1818150967112545,1.0,CB,154.1100698272694,0.5476005967028366,cb_kmeans_1000,6040,1000,0.8559520482336651,638.8781697905183,ratings_to_interact,0.309025575748039,0.9314904240866037,26.983270372369127,0.6776050045484902,3706,3.986522117620236,4.0753196326125956
3,genre,1.1171012869389083,movielens_1m,100.0,0.10142837727143243,1.0,3.581564453029316,100.0,0.007073719563392106,1000209,399.1015300320762,0.04468362562231285,42.05891163255117,-1.4986775730291944,0.1558537870118175,5.0,CB,154.172186642269,1.2479152852805655,cb_vect,6040,1000,0.957881300153506,687.9928636779506,ratings,0.20532203746394487,1.1988139828984452,26.983270372369127,0.3597727902942647,3706,3.398438535612075,3.372033840495697
4,genre,1.1171012869389083,movielens_1m,85.65542106618594,0.07541086582377413,5.0,3.5815644530293183,100.0,0.005299748110831235,1000209,62.09447566284132,0.04468362562231285,3.151273090364453,-0.7990830632272481,0.13210056401396478,1.0,CF,54.44598337950138,1.2479152852805655,cf_mllib,6040,100,0.496809984923693,69.5639889196676,ratings,0.37348123069484135,0.7575244537172625,2.698327037236913,0.6967476950547952,3706,1.0,1.0
14,genre,1.117101286938908,movielens_1m,37.6770538243626,0.03289468529473515,5.0,3.5815644530293165,100.0,0.007888832913518051,1000209,427.26630315829595,0.04468362562231285,46.90963554667997,-0.24767874507569398,0.15045502572770078,1.0,CF,154.8669854764435,1.2479152852805644,cf_user,6040,1000,0.6899481614011899,743.9778604321643,ratings,0.3853416783343835,0.885210738414823,26.983270372369127,0.7337672086169041,3706,1.6939836217188504,1.9936213235644589
17,tags,1.1171012869389088,movielens_1m,66.46922482616534,0.16845074159182005,1.0,3.5815644530293187,100.0,0.012109151973131822,1000209,35.23132885347715,0.04468362562231285,7.2001997004493274,-1.1069059340570069,0.19640991129453486,5.0,CB,24.38480941704036,1.2479152852805664,cb_kmeans_100,6040,100,1.274322189612072,46.97533632286996,ratings,0.6191595662878956,1.4897202868058397,2.6713437668645437,0.7397892103690555,3706,4.97953403733087,5.0
21,tags,1.1171012869389083,movielens_1m,99.87123358228172,0.07125894782634776,1.0,3.5815644530293183,100.0,0.01015214105793451,1000209,327.6886467999708,0.04468362562231285,60.35646530204693,-1.2042352864276122,0.20144683666810392,5.0,CB,81.47848716169327,1.2479152852805648,cb_vect,6040,1000,1.1554982570565635,677.7144344205412,ratings,0.6266932879326313,1.3568463020501078,26.983270372369127,0.7645498899088218,3706,4.2573549137749325,4.3886967595415065
24,tags,1.1171012869389083,movielens_1m,98.14576358485706,0.0861461485383494,1.0,3.5815644530293183,100.0,0.007653064651553318,1000209,263.0064789159753,0.04468362562231285,45.50574138791813,-1.2108195516586686,0.17230338384244204,5.0,CB,76.36145870575616,1.2479152852805648,cb_kmeans_1000,6040,1000,1.1847681656578808,551.4717554522703,ratings,0.6521675493127829,1.3928278237497849,26.983270372369127,0.8019808544834599,3706,4.4529169258049865,4.539279134582415
25,genre,1.117101286938908,movielens_1m,76.56451197527684,0.10505615902050226,1.0,3.5815644530293183,100.0,0.006370612930310663,1000209,387.55230480825065,0.04468362562231285,37.88017973040439,-1.5704358043701911,0.18965310211642927,5.0,CB,158.56450724903652,1.2479152852805642,cb_kmeans_1000,6040,1000,1.0208501437339277,648.7362818865848,ratings,0.29488573271854845,1.2619182607625248,26.71343766864544,0.6175094234931587,3706,3.7414145678601445,3.695984220699229
26,genre,1.117101286938908,movielens_1m,95.1326294102498,0.15058385156426932,5.0,3.5815644530293165,100.0,0.002103442485306465,1000209,799.0365485677464,0.04468362562231285,12.507239141288068,-1.730295443134214,0.13535582561445458,1.0,CF,702.3742055084746,1.2479152852805644,cf_item,6040,1000,0.8228261838771596,877.6636652542372,ratings,0.387408628948666,1.0031868720810957,26.983270372369127,0.7474705399831133,3706,2.335191913682501,2.677227428650494
27,genre,1.1171012869389083,movielens_1m,29.66778264228689,0.22885561759719156,1.0,3.581564453029319,100.0,0.008649874055415617,1000209,42.164420209750574,0.04468362562231285,5.139291063404891,-1.3945210015138323,0.2172792286976855,5.0,CB,32.86964285714286,1.2479152852805648,cb_kmeans_100,6040,100,1.0352324238963917,51.75,ratings,0.2997902769015981,1.2997838759993936,2.698327037236913,0.5427579304283489,3706,3.947216756113467,3.769975497367244
29,genre,1.1171012869389083,movielens_1m,99.92274014936905,0.20255188792065784,1.0,3.581564453029319,100.0,0.01253904282115869,1000209,47.38447401619589,0.04468362562231285,7.410883674488268,-1.4143488544120095,0.20712532980405327,5.0,CB,34.28606507059545,1.2479152852805648,cb_vect,6040,100,0.9903277712714174,60.895027624309385,ratings,0.18567342866614367,1.2721360062247666,2.698327037236913,0.16130076664771847,3706,3.796948707791333,3.538958402822873
32,genre,1.1171012869389083,movielens_1m,52.66546484676796,0.4069314311419575,5.0,3.5815644530293183,100.0,6.717044500419816e-05,1000209,62.60476190476192,0.04468362562231285,0.03894158761857215,-3.79612876128392,0.1134144999513928,1.0,CF,61.28571428571429,1.2479152852805655,cf_item,6040,100,1.179188369873874,64.14285714285714,ratings,0.4044562179712464,1.4934858263001405,2.698327037236913,0.7259771610519739,3706,5.0,4.51057324031935
33,genre,1.1171012869389083,movielens_1m,23.074942055112032,0.011229969346187491,5.0,3.5815644530293183,100.0,0.011900923593618808,1000209,58.742877876810496,0.04468362562231285,7.082376435346979,-0.06577288849763084,0.15624305471464173,1.0,CF,48.61041902604757,1.2479152852805655,cf_user,6040,100,0.6467037916095425,68.94479048697622,ratings,0.40223318778007217,0.8415869582596203,2.698327037236913,0.7141721442557933,3706,1.4568854164035154,1.7711457429580841
35,genre,1.117101286938908,movielens_1m,93.27839299510687,0.0589380084671368,5.0,3.5815644530293165,100.0,0.00795617128463476,1000209,507.16859447660835,0.04468362562231285,47.30903644533201,-0.6634821333687875,0.1502900594031037,1.0,CF,242.4315561959654,1.2479152852805644,cf_mllib,6040,1000,0.6243380128051077,795.9585734870317,ratings,0.370237688695885,0.8147728354762342,26.983270372369127,0.7347994137843609,3706,1.3111488395542112,1.6560824491881871
38,tags,1.1171012869389088,movielens_1m,79.70641256760237,0.08681282235354801,1.0,3.5815644530293187,100.0,0.02507808564231738,1000209,43.239277583117406,0.04468362562231285,14.90664003994009,-0.7377289988249326,0.3727673080724182,5.0,CB,24.228412256267408,1.2479152852805664,cb_vect,6040,100,1.0446252998532513,63.52367688022285,ratings,0.5788253458925878,1.20960363134044,2.698327037236913,0.6563582405265318,3706,3.4570810070457494,3.8182982164202475
42,tags,0.6647086178814313,jester,36.46778584392015,0.19154296172196203,0.0,2.3749882498298103,99.57716701902748,0.018480944712828767,92834,36.223567825956025,0.0027828151199241822,37.24175229853975,-0.7521698799842498,0.8482341555697149,5.547402996975608,CB,22.78726287262873,0.4418375466858427,cb_vect,1892,100,1.3768962742012545,51.384823848238476,num_plays_log,0.4784136281783247,1.5406191160681688,0.5647525352712538,0.5271976437523389,17632,5.0,5.0
43,tags,0.6647086178814314,jester,60.53198729582578,0.15251015620044506,0.0,2.3749882498298107,99.57716701902748,0.0034949006977992485,92834,197.45399702113477,0.0027828151199241822,70.42725797728501,-0.969982401593478,0.4756623987143969,5.547402996975608,CB,68.28315612758814,0.4418375466858429,cb_vect,1892,1000,1.0515177486103149,399.7604924454393,num_plays_log,0.5953765532620422,1.2681296017626351,5.647525352712539,0.7138274357111674,17632,3.98826234635738,3.758554286737416
54,tags,0.6647086178814307,jester,84.07441016333938,0.1859316758692386,5.547402996975608,2.37498824982981,99.94714587737845,0.001738593666129898,92834,495.3832907566953,0.0027828151199241822,35.035154137371556,-0.687838718036707,0.2811051262859325,0.0,CF,360.7776998597475,0.4418375466858418,cf_mllib,1892,1000,0.3530906900380862,634.9957924263673,num_plays_log,0.765753123030519,0.4633061848968389,5.6685087271652925,0.9059428784602332,17632,1.0,1.0937832287323739
57,tags,0.6647086178814314,jester,38.872504537205074,0.2998529322494541,0.0,2.3749882498298107,99.57716701902748,0.004932903918411165,92834,22.04611547442157,0.0027828151199241822,9.940508382909679,-1.047330381724945,0.3365845727857709,5.547402996975608,CB,18.47845468053492,0.4418375466858429,cb_kmeans,1892,100,1.0988179100091269,25.875185735512627,num_plays_log,0.6100698593719976,1.3463732005252236,0.5647525352712538,0.7361310982362229,17632,4.278776259255526,3.939022811814594
59,tags,0.6647086178814307,jester,88.6910163339383,0.1803182161568757,5.547402996975608,2.37498824982981,99.94714587737845,0.0004798711755233494,92834,621.8358454106279,0.0027828151199241822,9.67009194159005,-0.6705487660592132,0.1969828125930967,0.0,CF,581.5130434782609,0.4418375466858418,cf_user,1892,1000,0.380030023048822,662.0072463768116,num_plays_log,0.80439235092845,0.4824748067413566,5.6685087271652925,0.9388599151698054,17632,1.0711719734902885,1.1965672690238838
64,tags,0.6647086178814311,jester,90.73275862068964,0.5373732954131116,5.547402996975608,2.3749882498298085,99.94714587737845,8.588298443370907e-05,92834,42.42857142857143,0.0027828151199241822,0.17306652244456466,-1.3216904426880345,0.1365987089734431,0.0,CF,42.42857142857143,0.4418375466858423,cf_item,1892,100,0.5605633792772864,42.42857142857143,num_plays_log,0.8348168072362323,0.5590932805551754,0.5668508727165292,0.9297837508083598,17632,1.3556518923584815,1.8853722870676894
67,tags,0.6647086178814307,jester,93.54582577132489,0.3965873700246131,5.547402996975608,2.37498824982981,99.94714587737845,0.00014063338701019858,92834,582.8231239092495,0.0027828151199241822,2.8339643050297463,-1.2595028667101145,0.15325065722614986,0.0,CF,537.109947643979,0.4418375466858418,cf_item,1892,1000,0.3285104378658808,624.2408376963351,num_plays_log,0.8236681050222094,0.4642147003764149,5.6685087271652925,0.9426859077361056,17632,1.0033732649197413,1.0
68,tags,0.6647086178814314,jester,59.83725337197637,0.1966971154928941,0.0,2.3749882498298107,99.57716701902748,0.0021749865807836823,92834,140.33133549739037,0.0027828151199241822,43.829096809085996,-1.1220655674400724,0.26923513162934315,5.547402996975608,CB,68.63972856261567,0.4418375466858429,cb_kmeans,1892,1000,1.0994291520715904,238.85009253547196,num_plays_log,0.6781330895293265,1.3168985844059438,5.534574845658288,0.8469349117055367,17632,4.16933873087746,3.9413549381798263
69,tags,0.6647086178814311,jester,27.716651542649732,0.2350110416196897,5.547402996975608,2.3749882498298085,99.94714587737845,0.0015190552871712293,92834,57.53797043010753,0.0027828151199241822,3.061114115738237,-0.6009424898325494,0.2532864846365136,0.0,CF,55.80241935483871,0.4418375466858423,cf_mllib,1892,100,0.5540194648844794,59.32258064516129,num_plays_log,0.7838377102223673,0.7032374649419758,0.5668508727165292,0.9040223491510102,17632,1.890850831185204,1.8604047067513387
70,tags,0.6647086178814311,jester,22.85617059891107,0.18199105045240294,5.547402996975608,2.3749882498298085,99.94714587737845,0.00011272141706924316,92834,52.904761904761905,0.0027828151199241822,0.22714981070849105,-0.4518686534334809,0.16922604732558374,0.0,CF,52.904761904761905,0.4418375466858423,cf_user,1892,100,0.7164614486413067,52.904761904761905,num_plays_log,0.8018515946865159,0.8687464675035691,0.5668508727165292,0.9329029122808802,17632,2.5053760922219963,2.4801840976085914
49,tags,0.0,jester,4.083484573502722,0.3223968755261221,1.0,1.0,100.0,0.019612694997310384,92834,34.78672693920334,0.0027828151199241822,39.28455985346407,-1.4704368561731338,0.8801729034120702,1.0,CF,21.17924528301887,0.0,cf_mllib,1892,100,0.7108309158934075,50.23584905660378,any_interact,0.5374747091965971,0.7380503999152748,0.5671506352087115,0.6235795588936062,17632,4.192491280016519,4.135337985351331
50,tags,0.0,jester,60.27676950998186,0.24123340450512434,1.0,1.0,99.84143763213531,0.003514254975793437,92834,199.4266932416733,0.0027828151199241822,70.39112164637432,-1.5130958115817763,0.4758872647607934,1.0,CB,62.880044843049326,0.0,cb_vect,1892,1000,0.39243303198900026,410.1911434977578,any_interact,0.5916289862530728,0.41008053877278494,5.662513477321649,0.712954247272626,17632,1.742652762443674,1.6898257939562549
56,tags,0.0,jester,35.6964609800363,0.3413625256932277,1.0,1.0,99.84143763213531,0.0185852608929532,92834,36.48939856562779,0.0027828151199241822,37.258916065079205,-1.5027295339639528,0.8502053376410501,1.0,CB,23.435880398671088,0.0,cb_vect,1892,100,0.3026199147895914,51.13156146179402,any_interact,0.4745551075478409,0.3106585884570348,0.5662513477321649,0.5264304495366832,17632,1.0,1.0
66,tags,0.0,jester,33.836206896551715,0.23198616955524898,1.0,1.0,100.0,0.0035373856912318453,92834,196.9199440755136,0.0027828151199241822,70.86520849046441,-1.4628524469204471,0.4255210777817679,1.0,CF,71.2528344671202,0.0,cf_mllib,1892,1000,0.8234071511399,394.0283446712018,any_interact,0.6766873536037544,0.8461548814411505,5.671506352087114,0.8359056070082975,17632,5.0,5.0
44,tags,0.0,jester,93.68194192377494,0.469086983163245,1.0,1.0,100.0,0.00027218934911242597,92834,527.4407196969697,0.0027828151199241822,5.3765758000215484,-1.443079654034113,0.17658726218840287,1.0,CF,507.6022727272728,0.0,cf_user,1892,1000,0.0,547.5295454545453,any_interact,0.8199753333127178,0.0,5.671506352087114,0.9457067513709844,17632,3.0,3.0
46,tags,0.0,jester,60.69078947368421,0.27785772113717816,1.0,1.0,99.84143763213531,0.002258741258741259,92834,491.5074129188712,0.0027828151199241822,45.30761771360846,-1.4441168261987247,0.2867666593299421,1.0,CB,324.68659420289856,0.0,cb_kmeans,1892,1000,0.0,658.2789855072464,any_interact,0.6764609503477468,0.0,5.662513477321649,0.8464589776198412,17632,3.0,3.0
48,tags,0.0,jester,37.60208711433757,0.4392373556671085,1.0,1.0,99.84143763213531,0.00535771920387305,92834,50.223014809140814,0.0027828151199241822,10.742376899041052,-1.4166424174550838,0.3459829880633913,1.0,CB,45.66219839142091,0.0,cb_kmeans,1892,100,0.0,54.71447721179624,any_interact,0.6015586022057285,0.0,0.5662513477321649,0.7259680957468585,17632,3.0,3.0
51,tags,0.0,jester,93.67627041742287,0.477294125533023,1.0,1.0,100.0,0.00029585798816568053,92834,54.72727272727273,0.0027828151199241822,0.5495097511044068,-1.4376696531262252,0.17651947304873636,1.0,CF,54.72727272727273,0.0,cf_user,1892,100,0.0,54.72727272727273,any_interact,0.8205928037937892,0.0,0.5671506352087115,0.9457627384702688,17632,3.0,3.0
60,tags,0.0,jester,93.66492740471871,0.4377655312109325,1.0,1.0,100.0,0.0005115653577192038,92834,485.22068965517235,0.0027828151199241822,10.052796034910033,-1.4390707425293592,0.22302891583429565,1.0,CF,444.2262068965517,0.0,cf_item,1892,1000,0.0,526.8303448275863,any_interact,0.7845712981291025,0.0,5.671506352087114,0.9265388397436728,17632,3.0,3.0
71,tags,0.0,jester,90.84051724137932,0.5672217968351198,1.0,1.0,100.0,0.0004895104895104894,92834,53.66292134831461,0.0027828151199241822,1.0451459971985777,-1.4300290799343045,0.22427457475368334,1.0,CF,53.13483146067415,0.0,cf_item,1892,100,0.0,54.19101123595507,any_interact,0.7849510852984515,0.0,0.5671506352087115,0.9260346042623432,17632,3.0,3.0
45,tags,3751.301875871112,jester,93.67059891107078,0.2761230271061818,352698.0,745.2439300256375,100.0,0.00023399677245831093,92834,619.1183030303031,0.0027828151199241822,4.719319038896671,-1.2706198189482176,0.1712775399775585,1.0,CF,561.7127272727273,14072265.76391412,cf_item,1892,1000,2123.2023146238957,673.7709090909091,num_plays,0.8096620924291605,15885.867626155736,5.671506352087114,0.9360329936565592,17632,1.1986408894005398,1.0087278071908208
47,tags,3751.301875871113,jester,7.140426497277678,0.05150452477319924,352698.0,745.2439300256367,100.0,0.0035126412049488968,92834,39.40105105105105,0.0027828151199241822,7.0358797543368174,-0.1085514885847889,0.4789974178000523,1.0,CF,36.80360360360361,14072265.76391413,cf_mllib,1892,100,5029.86640459683,41.97477477477477,num_plays,0.7195239303038007,13246.325112235534,0.5671506352087115,0.8525852595038482,17632,1.1540965344139291,1.0576018564620107
52,tags,3751.301875871111,jester,60.99705081669692,0.0801315092401113,1.0,745.2439300256378,99.84143763213531,0.003503496503496504,92834,204.3963630209421,0.0027828151199241822,70.16485292533132,-0.7018664322486216,0.4741370059953306,352698.0,CB,66.19248035914704,14072265.763914118,cb_vect,1892,1000,206271.933873198,415.2171717171717,num_plays,0.5957178008999335,210916.2424179516,5.662513477321649,0.7206093367239219,17632,4.489931786244243,4.44138285641516
53,tags,3751.301875871112,jester,49.01882940108894,0.09351469042602872,352698.0,745.2439300256375,100.0,0.0014717590102205484,92834,389.27124223602476,0.0027828151199241822,29.490356642603174,-0.3147030494843933,0.321942446893147,1.0,CF,266.1014492753623,14072265.76391412,cf_mllib,1892,1000,2061.5816807869087,519.1195652173913,num_plays,0.7551391340107211,8202.613287395237,5.671506352087114,0.8939373880170337,17632,1.0689799322788953,1.0076916881894336
55,tags,3751.301875871112,jester,91.339609800363,0.06106122724507956,352698.0,745.2439300256375,100.0,0.0011549220010758472,92834,430.0854813457059,0.0027828151199241822,23.133283051395324,-0.29892045409613344,0.2789231041652545,1.0,CF,342.64715316760226,14072265.76391412,cf_user,1892,1000,1604.1374095451072,521.4266238973537,num_plays,0.7728234282051931,7291.734307427053,5.671506352087114,0.917748620171012,17632,1.0536081334086114,1.0
58,tags,3751.301875871112,jester,40.65335753176044,0.09923829098603323,1.0,745.2439300256376,99.84143763213531,0.01820333512641205,92834,37.03002324835665,0.0027828151199241822,36.45081348992566,-0.4324650190470992,0.8359868195112286,352698.0,CB,23.80942760942761,14072265.76391412,cb_vect,1892,100,239494.31702978356,52.03703703703704,num_plays,0.4784477837228459,241141.0988697364,0.5662513477321649,0.5291482999257529,17632,5.0,5.0
61,tags,3751.301875871113,jester,17.031533575317603,0.014316778268224091,352698.0,745.2439300256367,100.0,0.0011511565357719205,92834,54.70833333333334,0.0027828151199241822,2.305786014438099,-0.0467133372611907,0.32810281372460004,1.0,CF,53.92156862745098,14072265.76391413,cf_user,1892,100,3326.5026724416352,55.49509803921568,num_plays,0.7669515864942583,4115.104019111771,0.5671506352087115,0.9039173505715432,17632,1.0,1.0289606786735974
62,tags,3751.301875871111,jester,41.963475499092546,0.20366972189442592,1.0,745.2439300256378,99.84143763213531,0.005244755244755245,92834,23.82551261297721,0.0027828151199241822,10.505333476996011,-0.8085245851841246,0.3249954840416173,352698.0,CB,20.14022662889518,14072265.763914118,cb_kmeans,1892,100,209578.8784215384,27.837110481586407,num_plays,0.611401679906295,214811.0483061864,0.5605888342548432,0.7443284733191906,17632,4.555659697491942,4.496987414007567
63,tags,3751.301875871111,jester,61.2239110707804,0.1115746946458288,1.0,745.2439300256378,99.84143763213531,0.0022850995158687467,92834,131.2073233634257,0.0027828151199241822,45.77092985669647,-1.0660737837784933,0.2838190112444793,352698.0,CB,58.9091459721381,14072265.763914118,cb_kmeans,1892,1000,206816.40053342746,234.2925499697153,num_plays,0.6649230147406341,214013.0278001011,5.605888342548432,0.817016192085286,17632,4.5421924740916015,4.450537780945439
65,tags,3751.301875871113,jester,91.8500453720508,0.5297884408144744,352698.0,745.2439300256367,100.0,6.993006993006993e-05,92834,61.35714285714285,0.0027828151199241822,0.1508458140286607,-1.4232100658461384,0.13879109414846813,1.0,CF,61.35714285714285,14072265.76391413,cf_item,1892,100,21585.234732903817,61.35714285714285,num_plays,0.8304544372255632,77746.71469052183,0.5671506352087115,0.9277787939324088,17632,2.242591315232124,1.3359717892559668
72,glove,2.7394209348126632,jester,100.0,0.2665640667511417,10.0,4.589506320028336,99.83802621030416,0.029584214090750512,3568734,46.41910479943021,0.19462672403920087,80.69039641954474,-3.3785114813439936,122.19155897387807,0.03125,CF,28.651234974115997,7.504427058089884,cf_mllib,122242,100,1.7778408899073104,65.2169320873914,pos_ratings,0.04103978682210968,2.2634688921280883,66.55868414020276,0.05761573067456197,150,1.0,1.0
74,glove,2.7394209348126632,jester,76.0,0.2955617285577601,10.0,4.589506320028336,99.83802621030416,0.02520614854187617,3568734,52.04094584751869,0.19462672403920087,68.7552655812222,-1.4609083653900214,173.93702889345764,0.03125,CB,36.030005704506564,7.504427058089885,cb_vect,122242,100,2.4726214983548207,68.13996577296065,pos_ratings,0.0391934682186228,2.9829960045750403,66.55868414020276,0.05155465870787892,150,4.187353097931657,4.488942802516561
76,glove,2.7394209348126632,jester,86.66666666666669,0.2942847069981792,10.0,4.589506320028336,99.83802621030416,0.003213998399244772,3568734,66.05766693210018,0.19462672403920087,87.6688134843663,-3.988905951468972,143.29243802547606,0.03125,CB,41.87368799348885,7.504427058089885,cb_kmeans_1000,122242,1000,2.5331921388473866,91.15942794930609,pos_ratings,0.04089576305871154,3.093768016587912,86.5262893822636,0.05615427353579922,150,4.678049709005336,4.79310716407318
79,glove,2.7394209348126632,jester,100.0,0.2704915979365973,10.0,4.589506320028336,99.83802621030416,0.0036638721858517865,3568734,60.680460148733644,0.19462672403920087,99.94010182689428,-3.614788209206766,118.7304020196912,0.03125,CF,34.36529365797483,7.504427058089884,cf_mllib,122242,1000,1.842721059106058,89.62270708233939,pos_ratings,0.042324769849816486,2.3671400334368493,99.83802621030416,0.05934109916304225,150,1.4592412540131374,1.3258052924905848
81,glove,2.7394209348126632,jester,76.66666666666667,0.316505637160097,10.0,4.589506320028336,99.83802621030416,0.02485593202947032,3568734,52.019934970803774,0.19462672403920087,67.79997368958753,-3.5422526306041178,164.43509920175254,0.03125,CB,36.23130683442951,7.504427058089885,cb_kmeans_100,122242,100,2.5743923357451357,67.83489848441522,pos_ratings,0.03958424678405014,3.166446491834715,66.55868414020276,0.05241427928463828,150,5.0,5.0
86,glove,2.7394209348126632,jester,86.66666666666669,0.29429203507384544,10.0,4.589506320028336,99.83802621030416,0.003213998399244772,3568734,66.03548887499363,0.19462672403920087,87.6688134843663,-3.988905951468972,143.29243802547606,0.03125,CB,41.84905979472977,7.504427058089885,cb_vect,122242,1000,2.5312324180728525,91.1420507996237,pos_ratings,0.040895763058711516,3.090547812927156,86.5262893822636,0.056154273535799305,150,4.663784887101439,4.783266138563658
73,glove,0.9754254579810951,jester,100.0,0.2380809713530961,1.0,0.220329698230561,100.0,0.03618118140250643,5848803,45.971025530456934,0.3141680095397705,69.86656510608357,-2.022208610599252,130.8218224658682,-1.0,CF,24.072929136899013,0.9514548240776292,cf_mllib,124112,100,0.6383230406718429,69.27206989766364,ratings_to_interact,0.037759365858419,0.8473838377329965,66.66666666666666,0.055450048201684934,150,1.0,1.0
77,glove,0.9754254579810956,jester,86.66666666666669,0.2799340641297321,1.0,0.22032969823056126,100.0,0.0045700766788421224,5848803,66.35645898367353,0.3141680095397705,88.25079543455576,-3.976309315706617,143.292438027827,-1.0,CB,35.036413990262204,0.95145482407763,cb_kmeans_1000,124112,1000,0.8331433831159444,99.26577031312814,ratings_to_interact,0.038023950836208666,0.9372895918543648,86.66666666666669,0.05615427353580035,150,4.795012420410719,4.9727665675100265
83,glove,0.9754254579810956,jester,86.66666666666669,0.2813215269522142,1.0,0.22032969823056126,100.0,0.0045700766788421224,5848803,66.33171440980644,0.3141680095397705,88.25079543455576,-3.9763093157066183,143.292438027827,-1.0,CB,35.01466029392058,0.95145482407763,cb_vect,124112,1000,0.8329555578538835,99.24587483807565,ratings_to_interact,0.038023950836208666,0.9373056514803056,86.66666666666669,0.05615427353580035,150,4.795690313394415,4.968936444267824
85,glove,0.9754254579810951,jester,100.0,0.2626978193847871,1.0,0.220329698230561,100.0,0.005178510467059937,5848803,71.2256299820275,0.3141680095397705,100.0,-3.614788209206765,118.73040202208436,-1.0,CF,32.77594212383589,0.9514548240776292,cf_mllib,124112,1000,0.6682374567948393,112.64437644270313,ratings_to_interact,0.03947279544217229,0.8758170326726744,100.0,0.059341099163045676,150,2.200193791849756,1.6100132602637314
88,glove,0.9754254579810956,jester,86.66666666666669,0.2799539107029414,1.0,0.22032969823056126,100.0,0.035632843661834813,5848803,51.44944171625722,0.3141680095397705,68.80905984161329,-4.731649841834163,172.4249540751571,-1.0,CB,30.527380649057747,0.95145482407763,cb_vect,124112,100,0.8245690371773736,72.80464097990922,ratings_to_interact,0.03733575844564388,0.933205145776954,66.66666666666666,0.053944706934081925,150,4.622603838270951,4.797918938891403
89,glove,0.9754254579810956,jester,86.66666666666669,0.29505581938643266,1.0,0.22032969823056126,100.0,0.036344798308997166,5848803,52.71750896318178,0.3141680095397705,70.1838849997182,-4.853232346886142,167.18027155018362,-1.0,CB,31.313723297170334,0.95145482407763,cb_kmeans_100,124112,100,0.8344788823337981,74.41267755284645,ratings_to_interact,0.03776931941100172,0.9421458507770941,66.0,0.0550073633558257,150,5.0,5.0
75,glove,5.31138400501213,jester,100.0,0.2525093351748836,10.0,1.014634638916715,100.0,0.005164531950178187,5848803,71.39678131613047,0.3141680095397705,100.0,-3.614788209206765,118.73040202208436,-10.0,CF,34.47620937863872,28.210800048698694,cf_mllib,124112,1000,3.3174232533675747,110.75935923220777,ratings,0.03962113721154102,4.374857674043476,100.0,0.059341099163045676,150,1.4226923742874507,1.4563647086840033
78,glove,5.311384005012124,jester,86.66666666666669,0.27154964609639554,10.0,1.0146346389167151,100.0,0.004558351857732614,5848803,66.32628351237194,0.3141680095397705,88.26263254263228,-3.9793523960117194,143.292438027827,-10.0,CB,35.18036995765545,28.21080004869864,cb_kmeans_1000,124112,1000,4.366040429628042,99.12854022732338,ratings,0.03817260007834659,5.590866284005909,86.66666666666669,0.05615427353580035,150,4.800542062990929,4.84682326650881
80,glove,5.311384005012124,jester,86.66666666666669,0.2938184417682695,10.0,1.0146346389167151,100.0,0.03472389823929995,5848803,50.371827722934206,0.3141680095397705,67.23532466112812,-4.854091365434517,166.2928641891131,-10.0,CB,30.560609198215328,28.21080004869864,cb_kmeans_100,124112,100,4.413415659557231,70.62640486454941,ratings,0.03786173527584777,5.662670121085903,65.33333333333333,0.054876703655892416,150,5.0,5.0
82,glove,5.311384005012124,jester,86.66666666666669,0.27253768733010897,10.0,1.0146346389167151,100.0,0.035545499453089165,5848803,51.452232110422656,0.3141680095397705,68.82617785308264,-4.730574455908912,172.38187572899864,-10.0,CB,30.66768717736161,28.21080004869864,cb_vect,124112,100,4.366242460072158,72.76500621726515,ratings,0.03759213361380867,5.598035403313844,66.66666666666666,0.0542020816555133,150,4.820456566247065,4.847476484731532
84,glove,5.31138400501213,jester,100.0,0.2317559906191639,10.0,1.014634638916715,100.0,0.036625824776825085,5848803,48.915629093909644,0.3141680095397705,70.91799437035418,-1.9856855166165408,129.56245586863966,-10.0,CF,27.24872476950507,28.210800048698694,cf_mllib,124112,100,3.1762766019623525,71.44530572161361,ratings,0.037653059332154605,4.2226905814052325,66.66666666666666,0.05502962182059479,150,1.0,1.0
87,glove,5.311384005012124,jester,86.66666666666669,0.27157088507508026,10.0,1.0146346389167151,100.0,0.004558351857732614,5848803,66.30197862205017,0.3141680095397705,88.26263254263228,-3.9793523960117176,143.292438027827,-10.0,CB,35.1594740361043,28.21080004869864,cb_vect,124112,1000,4.366186874727607,99.11007800312012,ratings,0.03817260007834658,5.591040816472247,86.66666666666669,0.05615427353580035,150,4.8010268822860045,4.847296762511268
90,py2vec,19.6590485229004,git,91.9496166484118,0.2150126247682172,1.0,4.654756937200084,98.9247311827957,0.00043,19172,563.3258333333333,0.00451589348596733,6.5917220235053655,-1.4034100993586531,9.254498084160134e-05,790.0,CF,495.91428571428565,386.4781888257525,cf_item,465,1000,6.526477486695769,627.8142857142857,num_interact,0.7908576624707068,16.711106880325985,10.835129373800184,0.8919326668266233,9130,1.0,1.0
93,py2vec,19.659048522900406,git,6.812705366922233,0.24701178532536905,1.0,4.6547569372000845,88.81720430107526,0.0006,19172,60.058823529411775,0.00451589348596733,0.919775166070516,-1.4066840576989146,0.006331294452266233,790.0,CB,59.0,386.47818882575257,cb_kmeans_100,465,100,312.83383308345833,61.11764705882353,num_interact,0.7476452233191098,323.28679138004816,0.9630781189273222,0.6696534938694878,9130,3.4526814898014355,3.4065409050758295
94,py2vec,19.6590485229004,git,91.9496166484118,0.05901187228973805,1.0,4.654756937200084,98.9247311827957,0.0017800000000000001,19172,424.48490548652876,0.00451589348596733,27.286663260091977,-0.40352921937014297,0.00015525810802953014,790.0,CF,328.04329004328997,386.4781888257525,cf_user,465,1000,10.682071857318217,524.5367965367965,num_interact,0.7951881940155865,29.8763393461588,10.835129373800184,0.8992982443260811,9130,1.1053251239757416,1.0326489313922027
95,py2vec,19.6590485229004,git,91.9496166484118,0.08625235887101246,1.0,4.654756937200084,98.9247311827957,0.0019466666666666664,19172,251.26336447340057,0.00451589348596733,29.841594276954517,-0.8781343584094615,0.000248659038806785,790.0,CF,140.3125,386.4781888257525,cf_mllib,465,1000,8.295794882824811,390.76923076923083,num_interact,0.7909692965161188,19.624993978713476,10.835129373800184,0.8976898490939287,9130,1.0233118192698438,1.0139008568029693
97,py2vec,19.659048522900406,git,17.535596933187293,0.1849933935374518,1.0,4.6547569372000845,88.81720430107526,0.0009933333333333333,19172,434.7362022737023,0.00451589348596733,15.227388860500765,-1.3009614747576783,0.0034517789413648484,790.0,CB,366.1418918918919,386.47818882575257,cb_kmeans_1000,465,1000,370.09254736216116,503.3716216216216,num_interact,0.7611482968875227,380.0426777065969,8.881720430107526,0.8001111713806774,9130,3.906742652732727,3.856400941297579
98,py2vec,19.659048522900406,git,18.29134720700986,0.1649048388333007,1.0,4.6547569372000845,88.81720430107526,0.001136666666666667,19172,478.00152378540537,0.00451589348596733,17.424629535002556,-1.327359380351972,0.003606419616054121,790.0,CB,388.6710526315789,386.47818882575257,cb_vect,465,1000,389.56801791490057,565.0723684210526,num_interact,0.7478818312783149,395.2125700355828,9.728061807346688,0.7552422778761987,9130,4.0281055526584,4.009412338753104
100,py2vec,19.6590485229004,git,27.973713033953995,0.05459155274260896,1.0,4.654756937200084,98.9247311827957,0.0061,19172,42.56935897435897,0.00451589348596733,9.351047521716914,-0.17479342105866486,0.0002164763091253577,790.0,CF,38.13076923076923,386.4781888257525,cf_mllib,465,100,16.82171086157116,47.176923076923075,num_interact,0.7977395304697539,30.95941352392416,1.0835129373800183,0.9081396557702068,9130,1.1139899859403224,1.0808857501827533
102,py2vec,19.6590485229004,git,86.40744797371303,0.2899459597619308,1.0,4.654756937200084,98.9247311827957,0.0002,19172,57.0,0.00451589348596733,0.4598875830352581,-1.4151870173228116,0.00012770489044598916,790.0,CF,56.83333333333334,386.4781888257525,cf_item,465,100,8.037606875335882,57.16666666666666,num_interact,0.7899072451927417,25.16320776073265,1.0835129373800183,0.8888154921166095,9130,1.0676189026965268,1.011872371394868
106,py2vec,19.659048522900406,git,9.255202628696603,0.3021734764669369,1.0,4.6547569372000845,88.81720430107526,0.0007666666666666668,19172,71.91666666666667,0.00451589348596733,1.1752682677567703,-1.2957896523674708,0.0070687884203752315,790.0,CB,71.2,386.47818882575257,cb_vect,465,100,515.6511800017538,72.4,num_interact,0.7240579108653316,516.6956108193873,0.9728061807346691,0.578029779668663,9130,5.0,5.0
109,py2vec,19.6590485229004,git,16.46221248630887,0.01753521167361386,1.0,4.654756937200084,98.9247311827957,0.0015,19172,57.780701754385966,0.00451589348596733,2.2994379151762905,-0.05171973169637302,0.00015802496374096558,790.0,CF,53.81578947368421,386.4781888257525,cf_user,465,100,38.150707477416844,61.76315789473684,num_interact,0.8059697970820571,48.33454794243008,1.0835129373800183,0.9144638953841898,9130,1.2529953693601543,1.2484596000508206
96,py2vec,0.0,git,82.63964950711939,0.28444803006772124,1.0,1.0,98.9247311827957,0.0028899999999999998,19172,139.48427102628423,0.00451589348596733,44.30250383239654,-1.4433491369169955,0.00028624772170789624,1.0,CF,59.08429118773947,0.0,cf_mllib,465,1000,0.8056845724215378,274.5172413793104,any_interact,0.7806870398754489,0.8278787992448854,10.835129373800184,0.8948739362346346,9130,5.0,5.0
101,py2vec,0.0,git,18.29134720700986,0.3713433407246072,1.0,1.0,88.81720430107526,0.0010633333333333332,19172,454.8086107049683,0.00451589348596733,16.300459887583035,-1.4433556023648968,0.003605166635261961,1.0,CB,379.4437086092715,0.0,cb_vect,465,1000,0.46512067231367,525.2384105960265,any_interact,0.7459113719758363,0.4726765005017997,9.728061807346688,0.7518608934404926,9130,2.2255505841927876,2.2473345041224047
103,py2vec,0.0,git,9.04709748083242,0.4938856192553202,1.0,1.0,88.81720430107526,0.0008,19172,73.25,0.00451589348596733,1.2263668880940215,-1.2277512678161182,0.007048427675775802,1.0,CB,72.0909090909091,0.0,cb_vect,465,100,0.3107985782927228,74.4090909090909,any_interact,0.7202702270585194,0.3157738796607,0.9728061807346691,0.5724909832619565,9130,1.0,1.0
107,py2vec,0.0,git,12.102957283680176,0.3491664740188805,1.0,1.0,98.9247311827957,0.01663333333333333,19172,29.982797878976914,0.00451589348596733,25.498211548288197,-1.4636920486234233,0.0007516827748945858,1.0,CF,18.943231441048034,0.0,cf_mllib,465,100,0.7342500216573306,43.33624454148472,any_interact,0.7617270464192741,0.7635835042967031,1.0835129373800183,0.8887626798650192,9130,4.4977959204110896,4.422618125291997
91,py2vec,0.0,git,90.4709748083242,0.6012607175932841,1.0,1.0,98.9247311827957,0.0007333333333333332,19172,53.17647058823529,0.00451589348596733,0.8686765457332651,-1.4415904213047843,0.0001449337080442021,1.0,CF,53.17647058823529,0.0,cf_item,465,100,0.0,53.17647058823529,any_interact,0.7878293435404111,0.0,1.0835129373800183,0.8905459212484542,9130,3.0,3.0
92,py2vec,0.0,git,17.524644030668128,0.4379453550964229,1.0,1.0,88.81720430107526,0.00098,19172,468.25782944795196,0.00451589348596733,15.022994379151767,-1.4246868862560156,0.0035178923503555513,1.0,CB,386.79577464788736,0.0,cb_kmeans_1000,465,1000,0.0,549.1760563380282,any_interact,0.7588504829172288,0.0,8.774711750226713,0.7943873153233811,9130,3.0,3.0
99,py2vec,0.0,git,91.93866374589264,0.402533862707094,1.0,1.0,98.9247311827957,0.00053,19172,448.1974489795919,0.00451589348596733,8.226877874297394,-1.434996727168708,0.00013771095453951173,1.0,CF,369.4591836734694,0.0,cf_item,465,1000,0.0,521.265306122449,any_interact,0.7907636262227083,0.0,10.835129373800184,0.8918196958937676,9130,3.0,3.0
104,py2vec,0.0,git,7.1960569550931,0.4610754622342911,1.0,1.0,88.81720430107526,0.0007333333333333332,19172,48.81578947368421,0.00451589348596733,1.1241696474195195,-1.349115057491769,0.0054582489001394965,1.0,CB,46.842105263157904,0.0,cb_kmeans_100,465,100,0.0,51.42105263157895,any_interact,0.741242549832899,0.0,0.9630781189273222,0.6955762232683614,9130,3.0,3.0
105,py2vec,0.0,git,90.39430449069005,0.4464819074743491,1.0,1.0,98.9247311827957,0.0005666666666666668,19172,44.0,0.00451589348596733,0.8686765457332651,-1.4747730117250126,0.00012125979429094842,1.0,CF,42.16666666666666,0.0,cf_user,465,100,0.0,45.83333333333334,any_interact,0.7932973550279344,0.0,1.0835129373800183,0.8917467499990982,9130,3.0,3.0
108,py2vec,0.0,git,91.9496166484118,0.4069756714077011,1.0,1.0,98.9247311827957,0.0004966666666666666,19172,485.98160173160164,0.00451589348596733,7.920286152273888,-1.4401044123333304,0.00011533014088557713,1.0,CF,428.3737373737374,0.0,cf_user,465,1000,0.0,544.1717171717172,any_interact,0.7910821258235327,0.0,10.835129373800184,0.8919729515974691,9130,3.0,3.0
